Partner Program Name,Type,"Latitude, Longitude",Visible Street Address,Visible Street Address Line 2,City,State,Zip,Open Date,Close Date,Days,Hours,Frequency,Website,Instagram,Facebook,Region,Notes
61st Street Farmers Market,Farmers Market,"41.78419797229684, -87.59057787685639",6100 S Blackstone Ave,,Chicago,IL,60637,5/16/2026,10/31/2026,Saturday,09:00 AM - 02:00 PM,Other,http://61market.org/,http://www.instagram.com/61market,http://www.facebook.com/61market,Chicago,"Nov 1, 6, 15, 22 | Dec 6, 13, 20 | Jan 10 | Feb 14 | Mar 14 | Apr 11"
Alton Farmers' & Artisans' Market,Farmers Market,"38.88902213965078, -90.17883430450054",501 Landmarks Blvd,,Alton,IL,62002,5/9/2026,10/17/2026,Saturday,08:00 AM - 12:00 PM,Weekly,https://downtownalton.com/events/alton-farmers-artisans-market/,https://www.instagram.com/altonfarmersmarket/,https://www.facebook.com/AltonFarmersMarket,Southern IL,
Andersonville Farmers Market,Farmers Market,"41.97544417071079, -87.66829354664148",1500 W Winona St,,Chicago,IL,60640,5/13/2026,10/21/2026,Wednesday,03:00 PM - 07:00 PM,Weekly,http://www.andersonvillemarket.org,http://www.instagram.com/avillefarmersmarket,https://www.facebook.com/AvilleFarmersMarket/,Chicago,
Aurora Farmers Market - Downtown,Farmers Market,"41.75627915660868, -88.31524420432747",65 S Water St,,Aurora,IL,60505,6/6/2026,10/3/2026,Saturday,08:00 AM - 12:00 PM,Weekly,aurorafarmersmarket.com,https://www.instagram.com/aurorailfarmersmarket/,https://www.facebook.com/AuroraILFarmersMarket/,Chicago Suburbs,
Aurora Farmers Market - West,Farmers Market,"41.76521404460451, -88.36540620432694",1999 W Galena Blvd,,Aurora,IL,60506,7/1/2026,8/26/2026,Wednesday,10:00 AM - 02:00 PM,Weekly,aurorafarmersmarket.com,https://www.instagram.com/aurorailfarmersmarket/,https://www.facebook.com/AuroraILFarmersMarket/,Chicago Suburbs,
Austin Harvest,Retail Space,"41.8887511336618, -87.75505491966395",423 N Laramie,,Chicago,IL,60651,1/6/2026,12/31/2026,"Tuesday, Wednesday, Thursday",12:00 PM - 06:00 PM 12:00 PM - 06:00 PM 12:00 PM - 06:00 PM,Weekly,,https://www.instagram.com/austinharvestfreshmarket,https://www.facebook.com/austinharvestfreshmarket,Chicago,
Austin Town Hall Farmers Market,Farmers Market,"41.888449425198985, -87.76580140323851",5610 W Lake Street,,Chicago,IL,60644,6/11/2026,10/29/2026,Thursday,01:00 PM - 06:00 PM,Weekly,https://www.austintownhallcitymarket.com/,https://www.instagram.com/austintownhallfarmersmarket/,https://www.facebook.com/austintownhallcitymarket,Chicago,
Batavia Farmers Market - Wednesday Evening,Farmers Market,"41.85235946876962, -88.30832297733856",100 N Island Ave,,Batavia,IL,60510,6/10/2026,8/5/2026,Wednesday,05:00 PM - 08:00 PM,Weekly,https://downtownbatavia.com/farmers-markets/,https://www.instagram.com/bataviafarmersmarket,https://www.facebook.com/BataviaFarmersMarket,Chicago Suburbs,
Batavia Farmers' Market,Farmers Market,"41.85563845893675, -88.30718286199365",N River St,,Batavia,IL,60510,5/16/2026,10/24/2026,Saturday,08:00 AM - 12:00 PM,Weekly,https://downtownbatavia.com/farmers-markets/,https://www.instagram.com/bataviafarmersmarket,https://www.facebook.com/BataviaFarmersMarket,Chicago Suburbs,
Belleville Farmer's Market (N Belt West),Retail Space,"38.54207792017843, -90.00551837568455",1901 N Belt West,,Belleville,IL,62226,1/1/2026,12/31/2026,"Monday, Tuesday, Wednesday, Thursday, Friday, Saturday, Sunday",09:00 AM - 06:00 PM 09:00 AM - 06:00 PM 09:00 AM - 06:00 PM 09:00 AM - 06:00 PM 09:00 AM - 06:00 PM 09:00 AM - 05:00 PM 09:00 AM - 05:00 PM,Weekly,,https://www.instagram.com/farmersmarketbelleville/,https://www.facebook.com/p/Farmers-Market-North-Belt-West-100089489564193/,Southern IL,
Benton Farmers Market,Farmers Market,"37.98833652680745, -88.93299226307806",414 W Hudelson,Benton City Park,Benton,IL,62812,5/7/2026,10/29/2026,Thursday,03:00 PM-06:00 PM,Weekly,,https://www.instagram.com/bentonilfarmersmarket/,https://www.facebook.com/p/Benton-Farmers-Market-61558226954559/,Southern IL,
Broadview Farm and Gardens Farm Stand,Farm Stand,"42.25640005244799, -88.56358148895148",18720 Rte 176,,Marengo,IL,60152,5/8/2026,10/29/2026,"Monday, Thursday",10:00 AM - 06:00 PM   10:00 AM - 06:00 PM,Weekly,https://www.broadviewfarmandgardens.com/,,,Northern IL,
Bronzeville Farmers Market,Farmers Market,"41.809430291319146, -87.61707853130716",4702 S Martin Luther King Dr,,Chicago,IL,60615,6/7/2026,9/27/2026,Sunday,10:00 AM - 02:00 PM,Weekly,theurbancanopy.org,https://www.instagram.com/theurbancanopy/,facebook.com/TheUrbanCanopyChi/,Chicago,
Brookfield Farmers Market,Farmers Market,"41.824184660148575, -87.83991707759972",8820 Brookfield Ave,,Brookfield,IL,60513,6/6/2026,10/31/2026,Saturday,08:00 AM - 01:00 PM,Weekly,https://brookfieldfarmers.com/,https://www.instagram.com/brookfieldilfarmersmarket/,https://www.facebook.com/BrookfieldFarmers/,Chicago Suburbs,
Carmi Farmers Market,Farmers Market,"38.07658190167113, -88.17864877756458",1309 W Main Street,Elastec Parking Lot,Carmi,IL,62821,6/2/2026,8/25/2026,Tuesday,05:00 PM - 07:00 PM,Weekly,,,https://www.facebook.com/profile.php?id=61574965636022,Southern IL,
Centralia Farmers Market,Farmers Market,"38.52652616604152, -89.13463294684928",Corner of Locust & 2nd St,,Centralia,IL,62801,5/16/2026,10/24/2026,Saturday,07:00 AM-11:00 AM,Weekly,,,https://www.facebook.com/groups/720286981362893,Southern IL,
Champaign Farmers Market,Farmers Market,"40.11981596754046, -88.24328216926389",302 N Neil St,,Champaign,IL,61820,5/5/2026,10/27/2026,Tuesday,03:00 PM - 06:00 PM,Weekly,www.thelandconnection.org/champaign-farmers-market/,www.instagram.com/cufarmersmarkets/,www.facebook.com/CUFarmersMarkets/,Central IL,
Chicago Patchwork Farms Farm Stand,Farm Stand,"41.89561658050215, -87.6979208889741",2825 W Chicago Ave,,Chicago,IL,60612,5/9/2026,11/24/2026,"Wednesday, Thursday, Saturday",04:00 PM - 07:00 PM 04:00 PM - 07:00 PM  10:00 AM - 03:00 PM,Weekly,https://chicagopatchworkfarms.com/,https://www.instagram.com/chicagopatchworkfarms,https://www.facebook.com/ChicagoPatchworkFarms/,Chicago,
Daley Plaza Market,Farmers Market,"41.884185364082064, -87.6301180711635",50 W Washington,,Chicago,IL,60602,5/21/2026,10/22/2026,Thursday,07:00 AM - 02:00 PM,Weekly,,,,Chicago,Closed July 4
Danville Farmers Market,Farmers Market,"40.170066245484094, -87.6271307044246",2721 N Vermilion,,Danville,IL,61814,5/16/2026,10/3/2026,"Wednesday, Saturday",04:00 PM - 06:00 PM 08:00 AM - 12:00 PM,Weekly,https://danvillefarmersmarket.com/,,,Central IL,Also will run on Wednesday from 4:00 PM - 6:00 PM in July and August
DE Farms,Farm Stand,"42.30103807059589, -88.62862874662102",1913 Hawthorn Rd,,Marengo,IL,60152,6/13/2026,10/24/2026,"Saturday, Sunday",10:00 AM - 03:00 PM 02:00 PM - 05:00 PM,Weekly,,,,Northern IL,"Open weekly on Saturdays, Sundays open on Jul 12, Aug 16, Sep 13 & 27"
DeKalb Farmers Market,Farmers Market,"41.93071256121391, -88.75199383129957",148-198 N 2nd St,,DeKalb,IL,60115,6/4/2026,9/3/2026,Thursday,10:00 AM - 02:00 PM,Weekly,https://dekalb.org/dekalb-farmers-market/,https://www.instagram.com/dekalbfarmersmarket/,https://www.facebook.com/dekalbfarmersmarket/,Northern IL,
DeMange Farm,Farm Stand,"38.70131887702824, -89.79173110451147",1205 Cypress Rd,,St Jacob,IL,62281,4/3/2026,10/31/2026,"Friday, Saturday",08:00 AM - 04:00 PM 08:00 AM - 02:00 PM,Weekly,,,https://www.facebook.com/DeMangeFarm/,Southern IL,
Division Street Market,Farmers Market,"41.90390201309885, -87.63447103750418",200 W Division St,,Chicago,IL,60610,5/16/2026,10/24/2026,Saturday,07:00 AM - 12:00 PM,Weekly,,,,Chicago,
Downtown Bloomington Outdoor Farmers' Market,Farmers Market,"40.4801255246734, -88.99411203324205",200 N Main St,,Bloomington,IL,61701,5/2/2026,10/31/2026,Saturday,07:30 AM - 12:00 PM,Weekly,https://www.downtownbloomington.org/farmers-market,https://www.instagram.com/bloomingtonmarket/,https://www.facebook.com/BLMFarmersMarket/,Central IL,
Downtown Elgin Farmers Market,Farmers Market,"42.03579677466096, -88.28414350616329",S Riverside Dr,,Elgin,IL,60120,6/5/2026,9/25/2026,Friday,03:00 PM - 07:00 PM,Weekly,https://www.downtownelgin.com/market/,https://www.instagram.com/downtownelginmarket/,https://www.facebook.com/DowntownElginMarket,Chicago Suburbs,
Downtown Evanston Farmers Market,Farmers Market,"42.05016434000343, -87.6850905619815",1800 Maple Ave,,Evanston,IL,60201,5/2/2026,11/21/2026,Saturday,07:30 AM - 01:00 PM,Weekly,https://www.cityofevanston.org/residents/farmers-market,https://www.instagram.com/evanstonfarmersmarket/,https://www.facebook.com/EvanstonMarkets/,Chicago Suburbs,
Du Quoin State Fair Farmers Market,Farmers Market,"37.983342152904825, -89.2265570121355",655 Executive Dr,The Cattle Barns,Du Quoin,IL,62832,6/4/2026,8/13/2026,Tuesday,03:00 PM-06:00 PM,Weekly,https://dsf.illinois.gov/non-fair-events/farmersmarket.html,https://www.instagram.com/duquoinstatefair/,https://www.facebook.com/duquoinstatefair,Southern IL,
Eckhart Park Farmers Market,Farmers Market,"41.89704672018395, -87.66170991201673",1330 W. Chicago Ave.,,Chicago,Illinois,60642,6/6/2026,9/19/2026,Saturday,09:00 AM - 01:00 PM,Weekly,https://www.eckhartpark.org/farmersmarket,https://www.instagram.com/eckhartparkfarmersmarket/,,Chicago,
Edgewater Monday Market,Farmers Market,"41.989607540391816, -87.6601591117259",5917 N Broadway,,Chicago,IL,60660,6/1/2026,9/28/2026,Monday,03:00 PM - 07:00 PM,Weekly,https://www.edgewater.org/,https://www.instagram.com/edgewaterchamber/,https://www.facebook.com/edgewaterchamberofcommerce/,Chicago,
Eldorado Farmers Market,Farmers Market,"37.81362090126317, -88.43845101516331",937 Fourth St,Corner of Fourth St and Locust St,Eldorado,IL,62930,5/16/2026,9/5/2026,Saturday,08:00 AM-12:00 PM,Every other week,,,https://www.facebook.com/profile.php?id=61575928152195,Southern IL,"1st, 3rd, and 5th Saturdays of the month"
Elverado Farmers Market,Farmers Market,"37.89817446574075, -89.2355232973576",Corner of Coal Rd & Rte 51 S,,Elkville,IL,62932,6/5/2026,10/23/2026,Friday,03:00 PM-06:00 PM,Weekly,,,https://www.facebook.com/ElveradoFarmersMarket,Southern IL,
Englewood Village Market,Farmers Market,"41.788491864717635, -87.64531873316167",5822 S Halsted,,Chicago,IL,60621,6/13/2026,10/24/2026,Saturday,09:00 AM - 01:00 PM,Every other week,https://www.growgreater.org,https://www.instagram.com/growgreaterenglewood,https://www.facebook.com/GrowGreaterEnglewood/,Chicago,"Jun 13, 27 | Jul 11, 25 | Aug 8, 22 | Sep 5, 26 | Oct 10, 24"
F.R.E.S.H. Farmers Market,Farmers Market,"38.61963080473965, -90.13244753520564",638 N 20th St,,East St Louis,IL,62205,6/25/2026,10/29/2026,Thursday,08:30 AM-12:00 PM,Weekly,https://eastsidehealthdistrict.org/f-r-e-s-h-garden/,,,Southern IL,
Fairfield Farmers Market,Farmers Market,"38.383623162458136, -88.35490280452986",416 E Johnson St,Leo S French Park,Fairfield,IL,62837,6/4/2026,8/27/2026,Thursday,05:00 PM - 07:00 PM,Weekly,,,https://www.facebook.com/profile.php?id=61575302530510,Southern IL,
Farm on Ogden,Retail Space,"41.85437963216087, -87.7143601601405",3555 W Ogden Ave,,Chicago,IL,60623,1/6/2026,12/31/2026,"Tuesday, Wednesday, Thursday, Friday, Saturday",11:00 AM - 06:00 PM 11:00 AM - 06:00 PM 11:00 AM - 06:00 PM 11:00 AM - 06:00 PM 09:00 AM - 03:00 PM,Weekly,https://www.chicagobotanic.org/urbanagriculture,https://www.instagram.com/windycityharvest/,https://www.facebook.com/windycityharvest/,Chicago,
Farmers Rising Rockford,Farm Stand,"42.252483529852256, -89.0907743466241",1417 Meadow Ct,,Rockford,IL,61104,6/1/2026,11/1/2026,"Monday, Tuesday, Wednesday, Thursday, Friday",08:00 AM - 04:00 PM 08:00 AM - 04:00 PM 08:00 AM - 04:00 PM 08:00 AM - 04:00 PM 08:00 AM - 04:00 PM,Weekly,https://www.farmersrising.org/,https://www.instagram.com/farmers.rising/,https://www.facebook.com/LearnGrowConnect/,Northern IL,
Farmer’s Market of Carbondale,Farmers Market,"37.729660024521486, -89.243403119912",2101 W Main St,,Carbondale,IL,62901,3/28/2026,12/5/2026,Saturday,08:00 AM - 12:00 PM,Weekly,,https://www.instagram.com/thefarmersmarketofcarbondale/?hl=en,https://www.facebook.com/farmersmarketcarbondale/,Southern IL,
Food Works Mobile Farmers Market,Mobile Market,"37.72571052420048, -89.21763947723186",,,,,,5/16/2026,10/30/2026,"Thursday, Friday, Saturday",10:30 AM - 05:00 PM 05:00 PM - 07:00 PM 08:00 AM - 12:00 PM,Weekly,https://fwsoil.org/mobile-market/,https://www.instagram.com/fwmobilemarket/,,Southern IL,"Williamson County (Thursday)
10:30 AM - 11:30 AM Herrin House of Hope
12:00 PM - 1:45 PM Marion VA Center
2:30 PM - 3:30 PM Marion Deaconess Hospital
4:00 PM - 5:00 PM Carterville Farm Fresh
Jackson County (Friday)
5:00 PM - 7:00 PM The Thift Shop
Saline County (1st, 3rd, 5th Saturday) 
8:00 AM - 12:00 PM Eldorado Farmers Market"
Forty Acres Fresh Market,Grocery Delivery Service,"41.844749210903565, -87.68313961460017",,,,,,1/5/2026,12/30/2026,"Monday, Wednesday, Friday, Sunday",,Weekly,http://fortyacresfreshmarket.com/delivery,http://www.instagram.com/fortyacresfreshmarket,http://www.facebook.com/people/Forty-Acres-Fresh-Market/100084716291348/,Chicago,"Ordering: Orders are placed online for weekly, biweekly, or monthly subscriptions or one time deliveries. Minimum order for delivery is $10. SNAP payment is made at the time of delivery. 

Delivery: Sunday, Monday, Wednesday, and Fridays to Chicago and select I-290 western suburbs based on zip code. "
Fresh Moves Mobile Market,Mobile Market,"41.83134783176266, -87.65673046199514",,,,,,1/5/2026,12/18/2026,"Monday, Tuesday, Friday",01:00 PM - 03:00 PM 10:30 AM - 12:30 PM 0 AM - 12:00 PM 10:00 AM - 12:00 PM 10:00 AM - 12:00 PM,Weekly,https://www.urbangrowerscollective.org/fresh-moves-mobile-market,https://www.instagram.com/freshmoveschi/,https://www.facebook.com/urbangrowerscollective/,Chicago,"Monday: Thresholds Austin (334 N Menard Ave, Chicago, IL 60644, USA) 
Tuesday: Thresholds South (734 W 47th St, Chicago, IL 60609, USA) 
Thursday: DFSS Trina Davila center (4300 W North Ave, Chicago, IL 60639, USA) AND Educare 3:00PM - 4:30PM (5044 S Wabash Ave, Chicago, IL 60615)
Friday: Chicago Family Health (9199 S Exchange Ave, Chicago, IL 60617, USA)"
Galesburg Farmers Market,Farmers Market,"40.94632070778982, -90.36547381390314",362 E Simmons St,,Galesburg,IL,61401,5/2/2026,9/26/2026,Saturday,08:00 AM - 12:00 PM,Weekly,http://www.galesburgfarmersmarket.com,,https://www.facebook.com/GalesburgFarmersMarket/,Central IL,
Garfield Park Neighborhood Market,Farmers Market,"41.884204722874664, -87.70570050431952",135 N Kedzie,,Chicago,IL,60612,6/13/2026,10/24/2026,Saturday,10:00 AM - 02:00 PM,Every other week,https://www.gpcommunitycouncil.org/,https://www.instagram.com/gpccouncil?igsh=amN5cTZ2dmUydzh4,https://www.facebook.com/share/18Ah6iiirV/?mibextid=wwXIfr,Chicago,"Jun 13, 27 | Jul 11, 25 | Aug 8, 22 | Sep 12, 26 | Oct 10, 24"
Gary Comer Youth Center Farmers Market,Farmers Market,"41.76331601405381, -87.60248500432708",7244 S South Chicago Ave,,Chicago,IL,60619,7/7/2026,10/30/2026,"Tuesday, Friday",03:00 PM - 06:00 PM   03:00 PM - 06:00 PM,Weekly,https://www.garycomeryouthcenter.org/programs/urban-agriculture,https://www.instagram.com/comercrops/,,Chicago,
Glenview Farmer's Market at Historic Wagner Farm,Farmers Market,"42.082338163730995, -87.78140836197947",1510 Wagner Rd,,Glenview,IL,60025,6/20/2026,10/24/2026,Saturday,08:00 AM - 12:00 PM,Weekly,www.glenviewparks.org,instagram.com/Historicwagnerfarm,facebook.com/HistoricWF,Chicago Suburbs,
Glenwood Sunday Market,Farmers Market,"42.008587211490266, -87.66635607732881",6962 N Glenwood Ave,,Chicago,IL,60626,6/7/2026,10/25/2026,Sunday,09:00 AM - 02:00 PM,Weekly,https://glenwoodsundaymarket.rpba.org/,https://www.instagram.com/glenwoodsundaymarket,https://www.facebook.com/GlenwoodSunday/,Chicago,
Good Samaritan Inn's Mercy Market,Farmers Market,"39.84420529646182, -88.95489334677177",337 N Water St,,Decatur,IL,62523,6/6/2026,10/10/2026,Saturday,08:00 AM - 12:00 PM,Weekly,www.goodsamaritaninn.org/market,www.instagram.com/goodsaminndecatur/,www.facebook.com/goodsaminndecatur/,Central IL,
Grayville Farmers Market,Farmers Market,"38.25709601688104, -87.99462588919243",119 S Middle St,City Hall parking lot,Grayville,IL,62844,6/3/2026,8/26/2026,Wednesday,05:00 PM - 08:00 PM,Weekly,,,https://www.facebook.com/profile.php?id=61577645984949,Southern IL,
Green City Market - Lincoln Park,Farmers Market,"41.9160486596182, -87.6341717466452",1817 N Clark St,,Chicago,IL,60614,4/4/2026,11/21/2026,"Wednesday, Saturday",07:00 AM - 01:00 PM   07:00 AM - 01:00 PM,Weekly,greencitymarket.org,https://www.instagram.com/greencitymarket,https://www.facebook.com/greencitymarket,Chicago,
Green City Market - West Loop,Farmers Market,"41.880898819145685, -87.65039026013883",900 W Monroe St,,Chicago,IL,60607,5/2/2026,11/21/2026,Saturday,08:00 AM - 01:00 PM,Weekly,greencitymarket.org,https://www.instagram.com/greencitymarket,https://www.facebook.com/greencitymarket,Chicago,
"Growing Home, Inc. Farm Stand",Farm Stand,"41.78724116391093, -87.67076534665323",1844 W 59th St,,Chicago,IL,60636,5/14/2026,10/29/2026,Thursday,11:00 AM - 05:00 PM,Weekly,https://www.growinghomeinc.org/,https://www.instagram.com/growinghome/,https://www.facebook.com/growinghomeinc,Chicago,
"Growing Home, Inc. Pop Up",Mobile Market,,,,,,,5/15/2026,10/30/2026,Friday,10:00 AM - 02:00 PM,Weekly,https://www.growinghomeinc.org/,https://www.instagram.com/growinghome/,https://www.facebook.com/growinghomeinc,Chicago,
Gurnee Farmers Market,Farmers Market,"42.362188077291556, -87.92836916051527",5101 W Washington St,#14,Gurnee,IL,60031,6/7/2026,9/13/2026,Sunday,10:00 AM - 02:00 PM,Weekly,www.edenrestorationproject.org,www.instagram.com/edenrestorationproject,www.facebook.com/edenrestorationproject,Northern IL,
Hamptons Farmers Market,Farmers Market,"41.8798422337823, -87.75426924664747",3 S Laramie Ave,,Chicago,IL,60644,5/1/2026,10/30/2026,Wednesday,12:00 PM - 05:00 PM,Weekly,Hamptonsfarmersmarket.com,,https://www.facebook.com/people/Hamptons-Farmers-Market/61576727805636/,Chicago,
Hegewisch Farmers Market,Farmers Market,"41.65228095191708, -87.5406755196787",13323 S Green Bay Ave,,Chicago,IL,60633,6/13/2026,10/17/2026,Saturday,09:00 AM - 01:00 PM,Weekly,www.hegewischfarmersmarket.org,https://www.instagram.com/hegewischfarmersmarket/,https://www.facebook.com/HegewischFarmersMarket,Chicago,
Hyde Park Farmers Market,Farmers Market,"41.79923904233871, -87.58772548898011",5400 Lake Park West,,Chicago,IL,60615,6/7/2026,9/27/2026,Sunday,10:00 AM - 03:00 PM,Weekly,www.secc-chicago.org,https://www.instagram.com/seccchicago/,https://www.facebook.com/SEChamberChi/,Chicago,
Illinois Product Farmers Market,Farmers Market,"39.83196646050214, -89.64383894069398",801 E Sangamon Ave,,Springfield,Illinois,62794,5/7/2026,10/10/2026,Thursday,03:30 PM - 07:00 PM,Weekly,www.illinoisproductfarmersmarket.com,https://www.instagram.com/illinoisproducts/,https://www.facebook.com/illinoisproduct/,Central IL,"Open from:
May 7 -  Aug 6 | Sept 3 - 24 | Oct 10"
It Takes A Village Community Farm Farm Stand,Farm Stand,"41.48432709247461, -87.56094221649954",2500 223rd St,,Sauk Village,IL,60411,5/30/2026,10/31/2026,Saturday,09:00 AM - 12:00 PM,Weekly,https://justrootschicago.org/,https://www.instagram.com/justrootschicago/,https://www.facebook.com/justrootschicago/,Chicago Suburbs,
Jacksonville Farmers Market,Farmers Market,"39.72196530153435, -90.26800626212379",1905 W Morton Ave,,Jacksonville,IL,62650,5/2/2026,10/31/2026,"Tuesday, Wednesday, Saturday",07:00 AM - 12:00 PM 05:00 PM - 07:00 PM   07:00 AM - 12:00 PM,Weekly,,,https://www.facebook.com/JacksonvilleFarmersMarket/,Central IL,
Jefferson Park Sunday Market,Farmers Market,"41.96810415873374, -87.76302890828015",4822 N Long Ave,,Chicago,IL,60630,6/14/2026,10/25/2026,Sunday,09:30 AM - 01:30 PM,Every other week,http://www.jeffersonparksundaymarket.com/,https://www.instagram.com/jefferson_park_sunday_market/,https://www.facebook.com/JeffersonParkSundayMarket/,Chicago,"Jun 14, 28 | Jul 12, 26 | Aug 9, 23 | Sep 13, 27 | Oct 11, 25"
Jo Daviess Local Foods,Grocery Delivery Service,"42.256400086425934, -90.27972513218549",,,,,,1/6/2026,12/22/2026,Tuesday,03:30 PM - 05:30 PM,Weekly,www.jdlf.org,https://www.instagram.com/jdlocalfoods/,https://www.facebook.com/JDLFgives,Northern IL,"Customers order online between Friday noon and Monday noon, and then we deliver food on Tuesdays to homes or various pickup locations (13 different locations in a three-county region of Northwest Illinois)."
Kankakee Farmers Market,Farmers Market,"41.11846577104798, -87.86372907738402",250 S Schuyer Ave,,Kankakee,IL,60901,5/2/2026,10/31/2026,Saturday,08:00 AM - 12:00 PM,Weekly,https://www.downtownkankakee.com/farmersmarket,https://www.instagram.com/kankakeefarmersmarket/,https://www.facebook.com/K3FarmersMarket/,Northern IL,
Lanark Farmers Market,Farmers Market,"42.101453016286854, -89.8327004177974",114 S Broad St,,Lanark,IL,61046,5/20/2026,10/28/2026,Wednesday,03:00 PM - 06:00 PM,Weekly,https://lanarkfarmersmarket.com,https://www.instagram.com/lanarkfarmersmarket/,https://www.facebook.com/LanarkFarmersMarket,Northern IL,
Land of Goshen Community Market,Farmers Market,"38.81217319121878, -89.95761772996087",200 St. Louis St,,Edwardsville,IL,62025,5/9/2026,10/17/2026,Saturday,08:00 AM - 12:00 PM,Weekly,http://goshenmarket.org/,,http://www.facebook.com/goshenmarket/,Southern IL,
Le Roy Farmers Market,Farmers Market,"40.34735797728068, -88.76155848942764",Kiwanis Park,,Le Roy,IL,61752,5/23/2026,10/31/2026,Sunday,10:00 AM - 02:00 PM,Weekly,,,,Central IL,
LEAF Food Hub,Other,"37.72866202775715, -89.215685546895",106 E Jackson St,,Carbondale,IL,62901,1/13/2026,12/15/2026,"Friday, Saturday, Sunday, Monday, Tuesday",,Weekly,https://www.leaffoodhub.com/,https://www.instagram.com/leaffoodhub/,https://www.facebook.com/LEAFFoodHub,Southern IL,"Online ordering Fri 12:00 PM - Tue 8:00 PM
Pick ups / deliveries Thurs"
Liberty Prairie Farm Store,Retail Space,"42.3218401960004, -88.01433456373363",970 Harris Rd,Suite 1B,Grayslake,IL,60030,1/7/2026,12/31/2026,"Wednesday, Thursday, Friday, Saturday, Sunday",09:00 AM - 06:00 PM 09:00 AM - 06:00 PM 09:00 AM - 06:00 PM 09:00 AM - 03:00 PM 09:00 AM - 03:00 PM,Weekly,www.libertyprairie.org,https://www.instagram.com/libertyprairie/,https://www.facebook.com/libertyprairieorg/,Northern IL,
Lincoln Square Farmers Market,Farmers Market,"41.966837447854665, -87.68777087547817",2309 W Leland Ave,,Chicago,IL,60625,5/5/2026,11/17/2026,"Tuesday, Thursday",07:00 AM - 12:00 PM  03:00 PM - 07:00 PM,Weekly,www.lincolnsquare.org/farmers-market,https://www.instagram.com/lincolnsquarefarmersmarket/,https://www.facebook.com/lincolnsquarefarmersmarket/,Chicago,
Logan Square Farmers Market,Farmers Market,"41.92846205854904, -87.70611306200887",3129-3147 W Logan Blvd & Milwaukee Ave Plaza,,Chicago,IL,60647,5/10/2026,10/25/2026,Sunday,08:30 AM - 03:00 PM,Weekly,www.loganchamber.org,https://www.instagram.com/lsfarmersmarket/,https://www.facebook.com/LoganSquareFarmersMarket/,Chicago,"Doing a dry run on 4/12/26

6/28/26 - market moving to Humboldt Park because of Logan Square Arts Festival

If weather permits market may extend to 11/29/26Doing a dry run on 4/12/26

6/28/26 - market moving to Humboldt Park because of Logan Square Arts Festival

If weather permits market may extend to 11/29/26"
LUCSA,CSA,"41.844824481235364, -87.68187141781344",,,,,,1/7/2026,12/20/2026,"Wednesday, Thursday, Friday",09:00 AM - 05:00 PM 09:00 AM - 05:00 PM 09:00 AM - 05:00 PM,Weekly,https://www.theurbancanopy.org/lucsa,https://www.instagram.com/theurbancanopy/,facebook.com/TheUrbanCanopyChi/,Chicago,We deliver a box of locally-sourced produce weekly throughout the year in the greater Chicagoland area. To sign up go to our website: theurbancanopy.org/csa. Questions can be emailed to LUCSA@theurbancanopy.org
Macomb Farmers Market,Farmers Market,"40.45993706077962, -90.67138117742418",101 E Carroll St,,Macomb,IL,61455,5/2/2026,10/17/2026,"Thursday, Saturday",08:00 AM - 12:00 PM  08:00 AM - 12:00 PM,Weekly,https://www.prairiehillsrcd.org/macomb-farmers-market.html,,https://www.facebook.com/MacombFarmersMarket,Central IL,
Marion Farmers Market,Farmers Market,"37.7306458384793, -88.93087288922254",507 W Main St,,Marion,IL,62959,4/4/2026,10/31/2026,"Wednesday, Saturday",07:00 AM - 11:00 AM 06:00 AM - 12:00 PM,Weekly,,https://www.instagram.com/marionfarmersmarket/,https://www.facebook.com/MarionFarmersMarket,Southern IL,
Market 309 - Trewyn Park,Retail Space,"40.66156793897313, -89.64106750335735",2219 S Idaho St,,Peoria,IL,61605,1/10/2026,12/31/2026,Sunday,12:30 PM - 02:00 PM,Weekly,https://www.peoriagrown.com,https://www.instagram.com/peoriagrown/,https://www.facebook.com/peoriagrown/,Central IL,
Maryville Farmers Market Inc.,Farmers Market,"38.730121090059015, -89.88327603149274",112 N Main St,,Troy,IL,62294,5/21/2026,9/17/2026,Thursday,05:00 PM - 08:00 PM,Monthly,,,https://www.facebook.com/MaryvilleILFarmersMarket,Southern IL,May 21 | Jun 18 | Jul 16 | Aug 20 | Sep 17
Monticello Farmers Market,Farmers Market,"40.02524336496872, -88.57173293326946",109 S State St,,Monticello,IL,61856,6/11/2026,10/8/2026,Thursday,03:00 PM - 06:00 PM,Weekly,www.monticellomainstreet.org/farmersmarket,,,Central IL,
North End City Market,Farmers Market,"42.28806572356257, -89.0797769883473",1431 N Main St,,Rockford,IL,61103,5/16/2026,10/10/2026,Saturday,08:30 AM - 12:30 PM,Weekly,https://www.rockfordcitymarket.com/,https://www.instagram.com/rockfordcitymarket/,https://www.facebook.com/RockfordCityMarket/,Northern IL,
North Lawndale Community Farmers Market,Farmers Market,"41.856728446697964, -87.73435044850213",1807 S Kostner Ave,,Chicago,IL,60623,6/13/2026,10/17/2026,Saturday,12:00 PM - 04:00 PM,Weekly,,https://www.instagram.com/communityfirstfoundationinc/,https://www.facebook.com/people/Community-First-Foundation/61574630736335/,Chicago,
Northbrook Farmers Market,Farmers Market,"42.13134000804501, -87.82823266954671",Meadow Plaza,Corner of Cherry and Meadow,Northbrook,IL,60062,6/17/2026,10/14/2026,Wednesday,07:00 AM - 01:00 PM,Weekly,Northbrookfarmersmarket.org,https://www.instagram.com/northbrookfarmersmarket/,https://www.facebook.com/northbrookfarmersmarket/,Chicago Suburbs,
Northcenter Farmers Market,Farmers Market,"41.956323413853575, -87.67903421780647",4100 N Damen Ave,,Chicago,IL,60618,6/13/2026,10/31/2026,Saturday,08:00 AM - 01:00 PM,Weekly,https://www.northcenterchamber.com/northcenter-farmers-market,https://www.instagram.com/northcenterfarmersmarket/?hl=en,https://www.facebook.com/NorthcenterFarmersMarket/,Chicago,
Oak Park Farmers' Market,Farmers Market,"41.88901773686243, -87.78762047548302","460 Lake St, Parking Lot",,Oak Park,IL,60302,5/23/2026,11/14/2026,Saturday,07:00 AM - 01:00 PM,Weekly,https://www.oak-park.us/Community/Events-and-Activities/Oak-Park-Farmers-Market,https://www.instagram.com/oakparkil,https://www.facebook.com/groups/oakparkfarmersmarket,Chicago Suburbs,
Old Capitol Farmers Market,Farmers Market,"39.798543643641686, -89.65078531728311","4th & Adams St, 500 N Madison St",,Springfield,IL,62701,5/13/2026,10/31/2026,"Wednesday, 
Saturday","08:00 AM - 12:30 PM   
08:00 AM - 12:30 PM",Weekly,https://www.downtownspringfield.org/,,https://www.facebook.com/OldCapitolFarmersMarket/,Central IL,
Olney Gathering Market,Farmers Market,"38.73712866309881, -88.09178105209999",White Squirrel Drive,City Park,Olney,IL,62450,2/21/2026,12/19/2026,Saturday,09:00 AM - 01:00 PM,Other,,,https://www.facebook.com/groups/3456922707853069,Southern IL,"Feb 21 | Mar 21 | Apr 18 | May 2, 16 | 
Jun 6, 20 | Jul 4, 18 | Aug 1, 15 |
Sep 5, 19 | Oct 10, 17 | Nov 11, 21 | Dec 12, 19"
Oregon Farmers Market,Farmers Market,"42.015056995273014, -89.33354966198368",418 W Washington St,,Oregon,IL,61061,6/7/2026,9/27/2026,Sunday,10:00 AM - 02:00 PM,Weekly,,https://www.instagram.com/oregon.il.farmers.market,facebook.com/oregonfarmersmarket,Northern IL,
Oswego Country Market,Farmers Market,"41.684953769937216, -88.35156100433197",15 N Main St,,Oswego,IL,60543,6/7/2026,9/27/2026,Sunday,09:00 AM - 01:00 PM,Weekly,https://www.oswegolandparkdistrict.org/programs-events/special-events/oswego-country-market/,,https://www.facebook.com/OswegoCountryMarket,Chicago Suburbs,
Palos Heights Farmers Market,Farmers Market,"41.669392030095395, -87.79610028898821",12217 S Harlem Ave,,Palos Heights,IL,60463,5/13/2026,10/14/2026,Wednesday,08:00 AM - 01:00 PM,Weekly,http://www.palosheights.org,http://www.instagram.com/palosheights_rec,https://www.facebook.com/palosheight.parksrec,Chicago Suburbs,
Park Forest Farmers Market,Farmers Market,"41.48424801903704, -87.67724304667205",152 Main St,,Park Forest,IL,60466,5/30/2026,10/3/2026,Saturday,09:00 AM - 02:00 PM,Weekly,https://www.villageofparkforest.com/98/Main-Street-Market,,https://www.facebook.com/ParkForestFarmersMarket,Chicago Suburbs,
Park Ridge Farmers Market,Farmers Market,"42.00895803858499, -87.83498767547553",15 Prairie Ave,,Park Ridge,IL,60068,5/23/2026,10/31/2026,Saturday,07:00 AM - 01:00 PM,Weekly,parkridgefarmersmarket.com,https://www.instagram.com/parkridgefarmersmarket/,https://www.facebook.com/PRFarmersMarket/,Chicago Suburbs,
PCC Market,Farm Stand,"41.88688876519431, -87.762121046647",330 N Lotus Ave,,Chicago,IL,60644,6/4/2026,10/29/2026,Thursday,11:00 AM - 02:00 PM,Weekly,https://www.chicagobotanic.org/urbanagriculture,https://www.instagram.com/windycityharvest/,https://www.facebook.com/windycityharvest/,Chicago,
Peoria RiverFront Market,Farmers Market,"40.68831159538663, -89.58933500439326",212 SW Water St,,Peoria,IL,61602,5/23/2026,9/26/2026,Saturday,08:00 AM - 12:00 PM,Weekly,https://www.VisitDowntownPeoria.com,https://www.instagram.com/peoriariverfrontmarket/?hl=en,https://www.facebook.com/PeoriaRiverFrontMarket/,Central IL,
Pete's Produce Roadside Stand,Farm Stand,"38.413732069764016, -87.7695301045281",411 W 9th St,,Mount Carmel,IL,62863,6/2/2026,8/27/2026,"Tuesday, Thursday","04:00 PM - 07:00 PM
10:00 AM - 02:00 PM",Weekly,,,https://www.facebook.com/search/top?q=pete%27s%20produce,Southern IL,
Plant Chicago Farmers Market,Farmers Market,"41.81245194011389, -87.66665854983937",4459 S Marshfield Ave,,Chicago,IL,60609,6/13/2026,11/7/2026,Saturday,11:00 AM - 02:00 PM,Monthly,plantchicago.org/events,https://www.instagram.com/plantchicagonfp?igsh=ZnZxZnBjMjg5d2hx,https://www.facebook.com/share/18EkTWK2iD/?mibextid=wwXIfr,Chicago,Jun 13 | Jul 11 | Aug 8 | Sep 12 | Oct 10 | Nov 7
Plant Chicago Indoor Firehouse Market,Retail Space,"41.81257988455105, -87.66597190432402",4459 S Marshfield Ave,,Chicago,IL,60609,1/9/2026,12/19/2026,"Friday, Saturday",11:00 AM - 05:00 PM 11:00 AM - 05:00 PM,Weekly,plantchicago.org/events,https://www.instagram.com/plantchicagonfp?igsh=ZnZxZnBjMjg5d2hx,https://www.facebook.com/share/18EkTWK2iD/?mibextid=wwXIfr,Chicago,
QC Farmers Market,Farmers Market,"41.51102225037396, -90.57439431968744",1800 2nd Ave,,Rock Island,IL,61201,5/2/2026,10/31/2026,Saturday,08:00 AM - 12:00 PM,Weekly,www.qcfarmersmarket.online,instagram.com/qcfarmersmarket,facebook.com/qcfarmersmarket,Northern IL,
Quincy Farmers Market,Farmers Market,"39.933044361775615, -91.40830913512825",128 N 5th St,,Quincy,IL,62301,5/2/2026,10/31/2026,Saturday,08:00 AM - 01:00 PM,Weekly,https://www.thedistrictquincy.com/farmers-market/,,https://www.facebook.com/QuincyFarmerMarket,Central IL,
Rantoul Farmers Market,Farmers Market,"40.30913335603701, -88.1571234179077",200 E Congress Ave,,Rantoul,IL,61866,5/1/2026,8/14/2026,Friday,04:00 PM - 07:00 PM,Weekly,www.rantoulfarmersmarket.com,,https://www.facebook.com/share/17iACFE6u7/,Central IL,We offer delivery by online pre-order once weekly from May to September in addition to our in person markets Downtown on Fridays from 4-7pm in July and August.
Real Foods Collective Mobile Market,Mobile Market,"41.87841023122298, -87.84332158240294",,,,,,5/1/2026,10/31/2026,,,,realfoodscollective.org,https://www.instagram.com/realfoodscollective/,https://www.facebook.com/realfoodscollective/,Chicago Suburbs,Real Foods Collective partners with local organizations to offer a low cost mobile market in the near west Cook County suburbs. They procure produce from local farmers and sells it for them.
Richland Farmers Market,Farmers Market,"39.88464819017076, -88.89230739336925",Michael D Andreas Building,1 College Park,Decatur,IL,62521,6/17/2026,9/16/2026,Wednesday,03:00 PM - 07:00 PM,Monthly,www.richland.edu/richlandmarket/,www.instagram.com/rcc_farms/,www.facebook.com/RichlandStudentFarms/,Central IL,"Spring Plant Sale: May 1st 7am-6pm and May 2nd 7am-1pm

Summer Farmers Market Wednesdays 3-7pm
Jun 17th | Jul 15 | Aug 19 | Sep 16

Fall Market: Saturday Oct 17th  2-5pm
 
Holiday Market: Friday Dec. 4th  10am-2pm and Saturday Dec. 5th 10am-2pm"
Rockford City Market,Farmers Market,"42.269915785190115, -89.0904719214764",150 E State St,,Rockford,IL,61107,5/15/2026,9/4/2026,Friday,04:00 PM - 08:30 PM,Weekly,https://www.rockfordcitymarket.com/,https://www.instagram.com/rockfordcitymarket/,https://www.facebook.com/RockfordCityMarket/,Northern IL,
Rockford Midtown Market,Farmers Market,"42.26258887328106, -89.0805506889511",502 Seventh St,,Rockford,IL,61104,6/4/2026,9/24/2026,Thursday,09:00 AM - 01:00 PM,Weekly,www.rockfordmidtownmarket.com,https://www.instagram.com/rockfordmidtownmarket/,https://www.facebook.com/RockfordMidtownMarket,Northern IL,
Saint James Community Farm Farm Stand,Farm Stand,"41.84140821572004, -87.6256950889775",2936 S Wabash Ave,,Chicago,IL,60616,6/6/2026,10/24/2026,Saturday,09:00 AM - 12:00 PM,Weekly,https://justrootschicago.org/,https://www.instagram.com/justrootschicago/,https://www.facebook.com/justrootschicago/,Chicago,
Skokie Farmers Market,Farmers Market,"42.02614954675757, -87.75609890431066",5127 Oakton St,,Skokie,IL,60077,5/31/2026,11/1/2026,Sunday,07:30 AM - 12:30 PM,Weekly,https://www.skokie.org/434/Skokie-Farmers-Market,https://www.instagram.com/skokiefarmersmarket/,https://www.facebook.com/skokiefarmersmarket,Chicago Suburbs,
Sola Gratia Farm,Farm Stand,"40.0889520004047, -88.19060340442948",2200 S Philo Rd,,Urbana,IL,61802,6/11/2026,11/19/2026,Thursday,03:00 PM - 06:00 PM,Weekly,www.solagratiacsa.com/,www.instagram.com/solagratiafarm/,www.facebook.com/solagratiafarm/,Central IL,May 8 plant sale
South Chicago Farm Stand,Farm Stand,"41.73204511594724, -87.542540004329",9001 S Mackinaw Ave,,Chicago,IL,60617,5/16/2026,10/31/2026,Saturday,10:00 AM - 04:00 PM,Weekly,https://www.urbangrowerscollective.org/,https://www.instagram.com/urbangrowerscollective/,https://www.facebook.com/urbangrowerscollective/,Chicago,
South Deering Farmstand,Farm Stand,"41.704612751139564, -87.55990374665834",10500 S Torrence Ave,,Chicago,IL,60617,6/14/2026,9/13/2026,Sunday,09:00 AM - 02:00 PM,Monthly,,https://www.instagram.com/sdfarmstand105/,https://www.facebook.com/people/South-Deering-Farm-Stand/61574606498187/,Chicago,Jun 14 | Jul 12 | Aug 9 | Sep 13
Stephenson County Farmers Market,Farmers Market,"42.298690782317365, -89.62118050429353",23 W Exchange St,,Freeport,IL,61032,5/9/2026,10/24/2026,Saturday,07:00 AM - 01:00 PM,Weekly,,https://www.instagram.com/freeportstudentgarden/,https://www.facebook.com/FreeportStudentGarden/,Northern IL,
Terripin Farms,Farm Stand,"39.97689435950027, -91.35834379279795",3729 N 36th,,Quincy,IL,62305,5/1/2026,10/31/2026,"Monday, Tuesday, Wednesday, Thursday, Friday, Saturday, Sunday",10:00 AM - 06:00 PM 10:00 AM - 06:00 PM 10:00 AM - 06:00 PM 10:00 AM - 06:00 PM 10:00 AM - 06:00 PM 10:00 AM - 06:00 PM 10:00 AM - 04:00 PM,Weekly,www.terripinfarms.net,,http://www.facebook.com/TerripinFarms,Central IL,
Top Box Foods,Grocery Delivery Service,"41.888593273031226, -87.6353961586826",,,,,,1/5/2026,3/10/2027,"Monday, Tuesday, Wednesday, Thursday, Friday, Saturday",09:00 AM - 05:00 PM 09:00 AM - 05:00 PM 09:00 AM - 05:00 PM 09:00 AM - 05:00 PM 09:00 AM - 05:00 PM 09:00 AM - 02:00 PM,Weekly,https://topboxfoods.com/,https://www.instagram.com/topboxfoods/,https://www.facebook.com/TopBoxFoods/,Chicago,"1. Shop online at topboxfoods.com
2. Pay with SNAP (Link Card) at checkout. If you have a Link Match voucher code click Discount to apply your code.
3. Receive groceries through home delivery.
4. Receive a Link Match coupon after delivery via email and printed receipt.
5. Use the coupon on their next order to purchase fresh fruits and vegetables."
Twin City Farmers Market,Farmers Market,"41.78736546604801, -89.69701810432556",106 Avenue A,,Sterling,IL,61081,1/3/2026,12/31/2026,Saturday,08:00 AM - 12:00 PM,Weekly,www.twincityfarmersmarket.com,https://www.instagram.com/twincitymarket/?hl=en,https://www.facebook.com/twincityfarmersmarket/,Northern IL,
Uptown Farmers Market,Farmers Market,"41.96364207940212, -87.66234851965926",1250 W Sunnyside Ave,,Chicago,IL,60640,5/6/2026,11/4/2026,Wednesday,02:30 PM - 07:00 PM,Weekly,www.UFMChicago.com,https://www.instagram.com/ufmchicago/,https://www.facebook.com/ufmchicago/,Chicago,
Urban Growers Collective Collective Supported Agriculture/CSA,CSA,"41.83125989576742, -87.655936528118",,,,,,4/8/2026,11/25/2026,Wednesday,10:00 AM - 03:00 PM,Weekly,https://www.urbangrowerscollective.org/chicago-local-csa,https://www.instagram.com/urbangrowerscollective/,https://www.facebook.com/urbangrowerscollective/,Chicago,"Please use code EBT100 at checkout. SNAP Payments can only be made for pick up orders from UGC's South Chicago Farm (9001 S Mackinaw), and payment will need to be made each week in person on Wednesdays at the time of the pick up. We offer LINK MATCH vouchers for every dollar spent with LINK to double the value of those dollars."
Urbana's Market at the Square,Farmers Market,"40.11158548874615, -88.20697923511757",201 Lincoln Square,,Urbana,IL,61801,5/2/2026,10/31/2026,Saturday,07:00 AM - 12:00 PM,Weekly,urbanamarket.org/,www.instagram.com/urbanamarket/,www.facebook.com/urbanamarket/,Central IL,
Vine Street Market at O'Fallon Station,Farmers Market,"38.591763115763634, -89.90897723150076",212 E 1st St,,O'Fallon,IL,62269,5/9/2026,10/17/2026,Saturday,08:00 AM-12:00 PM,Weekly,https://ofallonparksandrec.com/vine-street-market/,https://www.instagram.com/vinestreetmarketofallon/,https://www.facebook.com/vinestreetmarketofallon,Southern IL,"Micro Markets (9 AM - 12 PM): Feb 28 | Mar 14, 28 | Apr 11, 25
Holiday Markets (time TBD): Nov 21 | Dec 12"
Warsaw Mercantile,Farm Stand,"40.35984437747172, -91.43659511975787",412 Main St,,Warsaw,IL,62379,1/2/2026,12/31/2026,"Tuesday, Wednesday, Thursday, Friday, Saturday",08:00 AM - 06:00 PM 08:00 AM - 06:00 PM 08:00 AM - 06:00 PM 08:00 AM - 06:00 PM 08:00 AM - 03:00 PM,Weekly,,,,Central IL,
West Humboldt Park Farmers Market,Farmers Market,"41.89179965732354, -87.71596130617233",545 N Central Park,,Chicago,IL,60624,6/6/2026,10/3/2026,Saturday,10:00 AM - 02:00 PM,Weekly,www.kellsParkCommunityCouncil.com,,,Chicago,
West Salem Farmers Market,Farmers Market,"38.52128496384169, -88.00484600452194",100 E North St,Town Square,West Salem,IL,62476,6/5/2026,8/28/2026,Friday,09:00 AM - 01:00 PM,Weekly,,,https://www.facebook.com/groups/1448697326505814,Southern IL,
Wicker Park Farmers Market,Farmers Market,"41.90815006298748, -87.67670088897336",1425 N Damen Ave,,Chicago,IL,60622,5/3/2026,10/25/2026,Sunday,08:00 AM - 02:00 PM,Weekly,https://www.wickerparkbucktown.com/farmers-market/,https://www.instagram.com/wickerpark_farmersmarket/,https://www.facebook.com/WickerParkFarmersMarket/,Chicago,
Windy City Harvest Farmers Market,Farmers Market,"41.85441958864278, -87.71441380432141",3555 W Ogden Ave,,Chicago,IL,60623,6/11/2026,8/27/2026,Friday,11:00 AM - 03:00 PM,Every other week,https://www.chicagobotanic.org/urbanagriculture,https://www.instagram.com/windycityharvest/,https://www.facebook.com/windycityharvest/,Chicago,"Jun 11, 25 | Jul 9, 23 | Aug 13, 27"
Wonder Farm Earth Farm Stand,Farm Stand,"42.40977448824708, -88.35954064661418",5916 W Wonder Lake Rd,,Wonder Lake,IL,60097,5/15/2026,10/31/2026,"Thursday, Friday, Saturday, Sunday",12:00 PM - 06:00 PM 12:00 PM - 06:00 PM 12:00 PM - 06:00 PM 12:00 PM - 06:00 PM,Weekly,www.wonderfarm.earth,https://www.instagram.com/wonderfarm.earth/,www.facebook.com/wonderfarmearth,Northern IL,Occassionally will close the farm stand if there is not enough product or if we are a vendor at an event on those days
Wonder Lake Farmer & Makers Market,Farmers Market,"42.39167562390266, -88.3688325196324",4444 Thompson Rd,,Wonder Lake,IL,60097,5/27/2026,9/9/2026,Wednesday,04:00 PM - 08:00 PM,Weekly,www.wonderfarm.earth,https://www.instagram.com/wonderfarm.earth/,www.facebook.com/wonderfarmearth,Northern IL,running the program as a vendor at this market
Woodstock Farmers Market,Farmers Market,"42.31500870873834, -88.44805813498193",100 N Johnson St,,Woodstock,IL,60098,5/2/2026,11/7/2026,"Tuesday, Saturday",08:00 AM - 01:00 PM    08:00 AM - 01:00 PM,Weekly,https://woodstockfarmersmarket.org/,https://www.instagram.com/woodstockfarmersmkt,https://www.facebook.com/woodstockfarmersmarket,Northern IL,
Z-Farm Stand,Farm Stand,"41.535053868569065, -87.5868058620136",1000 Glenwood Dyer Rd,,Chicago Heights,IL,60411,5/16/2026,10/24/2026,Saturday,10:00 AM - 04:00 PM,Weekly,https://www.urbangrowerscollective.org/,https://www.instagram.com/urbangrowerscollective/,https://www.facebook.com/urbangrowerscollective/,Chicago Suburbs,
Cermak Produce #19,Full-Service Supermarket,"41.90886015572821, -87.84556251917589",950 W Winston Plaza,,Melrose Park,IL,60160,12/1/2024,,Monday - Sunday,07:00 AM - 09:00 PM,,https://www.cermakfreshmarket.com/,,,Chicago Suburbs,$5
Cermak Produce #5,Full-Service Supermarket,"41.832913120644484, -87.67605366151153",3435 S Archer Ave,,Chicago,IL,60608,11/7/2024,,Monday - Sunday,07:00 AM - 09:00 PM,,https://www.cermakfreshmarket.com/,,,Chicago,$5
Cermak Produce #7,Full-Service Supermarket,"41.85383559706117, -87.66917353263975",1711 W Cermak Rd,,Chicago,IL,60608,2/1/2022,,Monday - Sunday,07:00 AM - 09:00 PM,,https://www.cermakfreshmarket.com/,,,Chicago,$5
Common Ground Food Co-op,Food Co-op,"40.11072722224889, -88.2066937865058",300 S Broadway Ave,Suite #166,Urbana,IL,61801,3/1/2023,,Monday - Sunday,07:30 AM - 09:00 PM,,https://www.commonground.coop/,,,Central IL,$25
Cornucopia Natural Market & Deli,Mid-sized Grocery Store,"40.946396457151906, -90.36474548733848",176 S Seminary St,,Galesburg,IL,61401,9/20/2025,,"Monday-Friday, Saturday, Sunday","08:00 AM - 07:00 PM, 08:00AM-05:00PM, 10:00AM-05:00PM",,https://cornucopianaturalmarket.com/,,,Northern IL,$5
Dill Pickle Food Co-op,Food Co-op,"41.931131187209644, -87.71111912102097",2746 N Milwaukee,,Chicago,IL,60647,7/1/2018,,Monday - Sunday,08:00 AM - 09:00 PM,,https://dillpickle.coop/,,,Chicago,$10
Food Shed Co-op,Food Co-op,"42.283090459967354, -88.40785383466677",2390 Lake Shore Dr,,Woodstock,IL,60098,9/1/2024,,Monday - Sunday,09:00 AM - 08:00 PM,,https://foodshed.coop/about/,,,Northern IL,$10
Fresh Foods Carbondale,Neighborhood Grocer/Small Grocery Store,"37.72839644198386, -89.24162444833252",1927 W Main St,,Carbondale,IL,62901,7/1/2024,,"Monday - Friday, Saturday","09:00 AM - 07:00 PM, 08:00 AM - 07:00 PM",,,,,Southern IL,$10
Go Green Community Fresh Market,Neighborhood Grocer/Small Grocery Store,"41.779786498499696, -87.65500183637424",1207 W 63rd St,,Chicago,IL,60636,5/1/2022,,"Monday - Friday, Saturday - Sunday","08:00 AM - 07:00 PM, 9:00 AM - 06:00 PM",,https://gogreenonracine.com/fresh-market,,,Chicago,$5
Green Top Grocery,Food Co-op,"40.479655300442786, -88.9804934057949",921 E Washington St,,Bloomington,IL,61701,9/1/2022,,Monday - Sunday,08:00 AM - 08:00 PM,,https://greentopgrocery.com/,,,Central IL,$10
Jewel-Osco: Antioch,Full-Service Supermarket,"42.477289861547405, -88.10612356330623",966 Route 59,,Antioch,IL,60002,2/1/2024,,Monday - Sunday,06:00 AM - 10:00 PM,,https://www.jewelosco.com/,,,Northern IL,$5
Jewel-Osco: Belmont-Cragin,Full-Service Supermarket,"41.92635904325688, -87.78633976089334",2520 N Narragansett Ave,,Chicago,IL,60639,9/1/2024,,Monday - Sunday,06:00 AM - 12:00 AM,,https://www.jewelosco.com/,,,Chicago,$5
Jewel-Osco: Bronzeville,Full-Service Supermarket,"41.83318076903926, -87.61461269034662",443 E 34th St,,Chicago,IL,60616,2/1/2024,,Monday - Sunday,07:00 AM - 10:00 PM,,https://www.jewelosco.com/,,,Chicago,$5
Jewel-Osco: DeKalb,Full-Service Supermarket,"41.94276465531164, -88.73659794800832",1320 Sycamore Rd,,DeKalb,IL,60115,2/1/2024,,Monday - Sunday,06:00 AM - 10:00 PM,,https://www.jewelosco.com/,,,Northern IL,$5
Jewel-Osco: Oak Park,Full-Service Supermarket,"41.88040599389015, -87.78651037567397",438 W Madison St,,Oak Park,IL,60302,9/1/2024,,Monday - Sunday,06:00 AM - 12:00 AM,,https://www.jewelosco.com/,,,Chicago Suburbs,$5
Jewel-Osco: South Shore,Full-Service Supermarket,"41.75855452683415, -87.587704534529",7530 S Stony Island Ave,,Chicago,IL,60649,2/1/2024,,Monday - Sunday,07:00 AM - 10:00 PM,,https://www.jewelosco.com/,,,Chicago,$5
Jewel-Osco: Wicker Park,Full-Service Supermarket,"41.90656395819349, -87.66878168916308",1341 N Paulina St,,Chicago,IL,60622,9/1/2024,,Monday - Sunday,06:00 AM - 12:00 AM,,https://www.jewelosco.com/,,,Chicago,$5
Living Fresh Market,Full-Service Supermarket,"41.86393753601783, -87.81288786931579",7520 Roosevelt Rd,,Forest Park,IL,60130,9/20/2025,,Tuesday - Sunday,07:00 AM - 09:00 PM,,https://www.livingfreshmarket.com/,,,Chicago Suburbs,$5
Mi Mexico,Corner Store/Convenience Store,"41.78649279529708, -87.68897582208817",2601 W 59th St,,Chicago,IL,60629,8/1/2021,,Monday - Sunday,07:00 AM - 09:00 PM,,https://www.facebook.com/MiMexicoGroceryStore/,,,Chicago,$5
Morgan Mini Mart,Corner Store/Convenience Store,"41.774327005219426, -87.64962817685718",6600 S Morgan St,,Chicago,IL,60621,2/1/2021,,Monday - Sunday,09:00 AM - 07:00 PM,,,,,Chicago,$5
Neighborhood Co-op Grocery,Food Co-op,"37.72842622791688, -89.24007671949725",1815 W Main St,,Carbondale,IL,62901,1/1/2018,,Monday - Sunday,08:00 AM - 09:00 PM,,https://www.neighborhood.coop/,,,Southern IL,$25
NOSH Good Mood Food,Neighborhood Grocer/Small Grocery Store,"41.44400833076638, -90.15348487408556",804 S Oakwood Ave,,Geneseo,IL,61254,3/25/2025,,"Monday - Friday, Saturday","08:00 AM - 06:00 PM, 09:00 AM - 02:00PM",,https://sites.google.com/view/noshgeneseo/home,,,Central IL,$5
One Stop Food,Full-Service Supermarket,"41.82043342676528, -87.59775984789304",4301 S Lake Park Ave,,Chicago,IL,60653,11/1/2021,,Monday - Sunday,08:00 AM - 08:00 PM,,https://onestopfoods.com/,,,Chicago,$5
Save A Lot #61315,Mid-sized Grocery Store,"41.87627272513586, -87.72608569456884",420 S Pulaski Rd,,Chicago,IL,60624,9/1/2024,,Monday - Sunday,08:00 AM - 09:00 PM,,https://savealot.com/stores/61315?utm_campaign=gmb&utm_medium=organic&utm_source=google,,,Chicago,$5
Sugar Beet Food Co-op,Food Co-op,"41.88007076889285, -87.79524981917811",812 Madison St,,Oak Park,IL,60302,3/1/2021,,Monday - Sunday,08:00 AM - 08:00 PM,,https://www.sugarbeet.coop/,,,Chicago Suburbs,$10
Tony's Fresh Market: Bolingbrook,Full-Service Supermarket,"41.69230420180381, -88.07027927357541",271 S Bolingbrook Dr,,Bolingbrook,IL,60440,1/6/2025,,Monday - Sunday,07:00 AM - 10:00 PM,,https://www.tonysfreshmarket.com/,,,Chicago Suburbs,$5
Tony's Fresh Market: Joliet,Full-Service Supermarket,"41.52478391391678, -88.1259469549627",1801 W Jefferson St,,Joliet,IL,60435,1/6/2025,,Monday - Sunday,07:00 AM - 10:00 PM,,https://www.tonysfreshmarket.com/,,,Chicago Suburbs,$5
Tony's Fresh Market: Plainfield,Full-Service Supermarket,"41.56310947678099, -88.19844863028565",2300 S Route 59,,Plainfield,IL,60586,1/6/2025,,Monday - Sunday,07:00 AM - 10:00 PM,,https://www.tonysfreshmarket.com/,,,Chicago Suburbs,$5